ID,TEN_TOA_NHA,DIA_CHI,Quan,SL_SEE,TANG,VI_TRI,LINKS
TTS-BA-G1.1,THỦ THIÊM SKY - BLOCK A,188/1 NGUYỄN VĂN HƯỞNG P.THẢO ĐIỀN,Q2,"2,1","G,B",G1.1,https://notegroup.com.vn/
TTS-BA-G1.2,THỦ THIÊM SKY - BLOCK A,188/1 NGUYỄN VĂN HƯỞNG P.THẢO ĐIỀN,Q2,"2,1","G,B",G1.2,https://OPC PHARMA: Công ty Cổ phần Dược phẩm OPC - Trang chủ
TTS-BA-B1.1,THỦ THIÊM SKY - BLOCK A,188/1 NGUYỄN VĂN HƯỞNG P.THẢO ĐIỀN,Q2,"2,1","G,B",B1.1,https://Ngân hàng Thương mại Cổ phần Công Thương Việt Nam
TTS-BB-G1.1,THỦ THIÊM SKY - BLOCK B,188/1 NGUYỄN VĂN HƯỞNG P.THẢO ĐIỀN,Q2,"2,1","G,B",G1.1,https://iPhone - Apple (VN)
TTS-BB-G1.2,THỦ THIÊM SKY - BLOCK B,188/1 NGUYỄN VĂN HƯỞNG P.THẢO ĐIỀN,Q2,"2,1","G,B",G1.2,https://Vietcombank | Ngân hàng TMCP Ngoại thương Việt Nam
TTS-BB-B1.1,THỦ THIÊM SKY - BLOCK B,188/1 NGUYỄN VĂN HƯỞNG P.THẢO ĐIỀN,Q2,"2,1","G,B",B1.1,https://iPhone - Apple (VN)
2LĐC-G1.1,280 LƯƠNG ĐỊNH CỦA,"280 LƯƠNG ĐỊNH CỦA, AN PHÚ",THỦ ĐỨC,"1,1","G,B",G1.1,https://Samsung Việt Nam | Thiết Bị Di Động | Tivi | Điện Gia Dụng
2LĐC-B1.1,280 LƯƠNG ĐỊNH CỦA,"280 LƯƠNG ĐỊNH CỦA, AN PHÚ",THỦ ĐỨC,"1,1","G,B",B1.1,https://Thiết bị giải trí & Điện tử gia dụng | LG VN
4RG-BE-G1.1,4S RIVERSIDE GARDEN - BLOCK E,"ĐƯỜNG 17 , P. HIỆP BÌNH CHÁNH",THỦ ĐỨC,"1,1","G,B",G1.1,https://Xiaomi Việt Nam | Trang web chính thức của Xiaomi
4RG-BE-B1.1,4S RIVERSIDE GARDEN - BLOCK E,"ĐƯỜNG 17 , P. HIỆP BÌNH CHÁNH",THỦ ĐỨC,"1,1","G,B",B1.1,https://Thiết bị giải trí & Điện tử gia dụng | LG VN
4RG-BW-G1.1,4S RIVERSIDE GARDEN - BLOCK W,"ĐƯỜNG 17 , P. HIỆP BÌNH CHÁNH",THỦ ĐỨC,"1,1","G,B",G1.1,https://Nhà thuốc FPT Long Châu - Đủ thuốc giá tốt
4RG-BW-B1.1,4S RIVERSIDE GARDEN - BLOCK W,"ĐƯỜNG 17 , P. HIỆP BÌNH CHÁNH",THỦ ĐỨC,"1,1","G,B",B1.1,https://Nhà thuốc An Khang - Hệ thống bán lẻ thuốc chính hãng 100%
AK-BA-1.1,AN KHANG - BLOCK A,"28-30 ĐƯỜNG 19, KHU PHỐ 5, PHƯỜNG AN PHÚ",THỦ ĐỨC,1,B,1.1,https://Đất Xanh Group - Tập đoàn Bất Động Sản Đất Xanh
AK-BB-1.1,AN KHANG - BLOCK B,"28-30 ĐƯỜNG 19, KHU PHỐ 5, PHƯỜNG AN PHÚ",THỦ ĐỨC,1,B,1.1,https://Techcombank - Ngân hàng TMCP Kỹ thương Việt Nam | Techcombank
ÂCT-BA-G1.1,ÂU CƠ TOWER - BLOCK A,"659 ÂU CƠ, PHƯỜNG TÂN THÀNH, QUẬN TÂN PHÚ",TÂN PHÚ,"1,1","G,B2",G1.1,https://Trang dành cho Khách hàng cá nhân
ÂCT-BA-B21.1,ÂU CƠ TOWER - BLOCK A,"659 ÂU CƠ, PHƯỜNG TÂN THÀNH, QUẬN TÂN PHÚ",TÂN PHÚ,"1,1","G,B2",B21.1,https://iPhone - Apple (VN)
ÂCT-BB-G1.1,ÂU CƠ TOWER - BLOCK B,"659 ÂU CƠ, PHƯỜNG TÂN THÀNH, QUẬN TÂN PHÚ",TÂN PHÚ,"1,1","G,B2",G1.1,https://notegroup.com.vn/
ÂCT-BB-B21.1,ÂU CƠ TOWER - BLOCK B,"659 ÂU CƠ, PHƯỜNG TÂN THÀNH, QUẬN TÂN PHÚ",TÂN PHÚ,"1,1","G,B2",B21.1,https://OPC PHARMA: Công ty Cổ phần Dược phẩm OPC - Trang chủ
BHT-G1.1,BẢY HIỀN TOWER,9 PHẠM PHÚ THỨ,TÂN BÌNH,"1,1","G,B",G1.1,https://Ngân hàng Thương mại Cổ phần Công Thương Việt Nam
BHT-B1.1,BẢY HIỀN TOWER,9 PHẠM PHÚ THỨ,TÂN BÌNH,"1,1","G,B",B1.1,https://iPhone - Apple (VN)
B-G1.1,BMC,"422 VÕ VĂN KIỆT, PHƯỜNG CÔ GIANG",Q1,"1,1","G,B1",G1.1,https://Vietcombank | Ngân hàng TMCP Ngoại thương Việt Nam
B-B11.1,BMC,"422 VÕ VĂN KIỆT, PHƯỜNG CÔ GIANG",Q1,"1,1","G,B1",B11.1,https://iPhone - Apple (VN)
CỐAC-1.1,CAO ỐC AN CƯ,"8 ĐƯỜNG THÁI THUẬN, KHU AN PHÚ AN KHÁNH, PHƯỜNG AN PHÚ",THỦ ĐỨC,1,1,1.1,https://Samsung Việt Nam | Thiết Bị Di Động | Tivi | Điện Gia Dụng
CỐX-BA-1.1,CAO ỐC XANH  - BLOCK A,"114 NAM HOÀ , P PHƯỚC LONG",Q9,1,G,1.1,https://Thiết bị giải trí & Điện tử gia dụng | LG VN
CỐX-BB-1.1,CAO ỐC XANH  - BLOCK B,"114 NAM HOÀ , P PHƯỚC LONG",Q9,1,G,1.1,https://Xiaomi Việt Nam | Trang web chính thức của Xiaomi
C1-BF-1.1,CARILLON 1  - BLOCK F,1 TRẦN VĂN DANH P.13,TÂN BÌNH,1,G,1.1,https://Thiết bị giải trí & Điện tử gia dụng | LG VN
C1-BM-G1.1,CARILLON 1  - BLOCK M,1 TRẦN VĂN DANH P.13,TÂN BÌNH,2,G,G1.1,https://Nhà thuốc FPT Long Châu - Đủ thuốc giá tốt
C1-BM-G1.2,CARILLON 1  - BLOCK M,1 TRẦN VĂN DANH P.13,TÂN BÌNH,2,G,G1.2,https://Nhà thuốc An Khang - Hệ thống bán lẻ thuốc chính hãng 100%
CG-BA-G1.1,CENTRAL GARDEN - BLOCK A,"328 VÕ VĂN KIỆT, PHƯỜNG CÔ GIANG",Q1,2,G,G1.1,https://Đất Xanh Group - Tập đoàn Bất Động Sản Đất Xanh
CG-BA-G1.2,CENTRAL GARDEN - BLOCK A,"328 VÕ VĂN KIỆT, PHƯỜNG CÔ GIANG",Q1,2,G,G1.2,https://Techcombank - Ngân hàng TMCP Kỹ thương Việt Nam | Techcombank
CG-BB-G1.1,CENTRAL GARDEN - BLOCK B,"328 VÕ VĂN KIỆT, PHƯỜNG CÔ GIANG",Q1,2,G,G1.1,https://Trang dành cho Khách hàng cá nhân
CG-BB-G1.2,CENTRAL GARDEN - BLOCK B,"328 VÕ VĂN KIỆT, PHƯỜNG CÔ GIANG",Q1,2,G,G1.2,https://iPhone - Apple (VN)
CG-BC-G1.1,CENTRAL GARDEN - BLOCK C,"328 VÕ VĂN KIỆT, PHƯỜNG CÔ GIANG",Q1,2,G,G1.1,https://notegroup.com.vn/
CG-BC-G1.2,CENTRAL GARDEN - BLOCK C,"328 VÕ VĂN KIỆT, PHƯỜNG CÔ GIANG",Q1,2,G,G1.2,https://OPC PHARMA: Công ty Cổ phần Dược phẩm OPC - Trang chủ
CG-O-G1.1,CENTRAL GARDEN - OB,"328 VÕ VĂN KIỆT, PHƯỜNG CÔ GIANG",Q1,"1,1","G,B",G1.1,https://Ngân hàng Thương mại Cổ phần Công Thương Việt Nam
CG-O-B1.1,CENTRAL GARDEN - OB,"328 VÕ VĂN KIỆT, PHƯỜNG CÔ GIANG",Q1,"1,1","G,B",B1.1,https://iPhone - Apple (VN)
CP-BA-G1.1,CENTRAL PREMIUM - BLOCK A,"856 TẠ QUANG BỬU, PHƯỜNG 5",Q8,"1,1","G,B",G1.1,https://Vietcombank | Ngân hàng TMCP Ngoại thương Việt Nam
CP-BA-B1.1,CENTRAL PREMIUM - BLOCK A,"856 TẠ QUANG BỬU, PHƯỜNG 5",Q8,"1,1","G,B",B1.1,https://iPhone - Apple (VN)
CP-BB-G1.1,CENTRAL PREMIUM - BLOCK B,"856 TẠ QUANG BỬU, PHƯỜNG 5",Q8,"1,1","G,B",G1.1,https://Samsung Việt Nam | Thiết Bị Di Động | Tivi | Điện Gia Dụng
CP-BB-B1.1,CENTRAL PREMIUM - BLOCK B,"856 TẠ QUANG BỬU, PHƯỜNG 5",Q8,"1,1","G,B",B1.1,https://Thiết bị giải trí & Điện tử gia dụng | LG VN
CP-O-G1.1,CENTRAL PREMIUM - OFFICETEL,"856 TẠ QUANG BỬU, PHƯỜNG 5",Q8,"1,1","G,B",G1.1,https://Xiaomi Việt Nam | Trang web chính thức của Xiaomi
CP-O-B1.1,CENTRAL PREMIUM - OFFICETEL,"856 TẠ QUANG BỬU, PHƯỜNG 5",Q8,"1,1","G,B",B1.1,https://Thiết bị giải trí & Điện tử gia dụng | LG VN
DR-BA-G1.1,DIAMOND RIVERSIDE - BLOCK A,"1646A VÕ VĂN KIỆT, PHƯỜNG 16",Q8,"1,1","G,B",G1.1,https://Nhà thuốc FPT Long Châu - Đủ thuốc giá tốt
DR-BA-B1.1,DIAMOND RIVERSIDE - BLOCK A,"1646A VÕ VĂN KIỆT, PHƯỜNG 16",Q8,"1,1","G,B",B1.1,https://Nhà thuốc An Khang - Hệ thống bán lẻ thuốc chính hãng 100%
DR-BB-G1.1,DIAMOND RIVERSIDE - BLOCK B1,"1646A VÕ VĂN KIỆT, PHƯỜNG 16",Q8,"1,1","G,B",G1.1,https://Đất Xanh Group - Tập đoàn Bất Động Sản Đất Xanh
DR-BB-B1.1,DIAMOND RIVERSIDE - BLOCK B1,"1646A VÕ VĂN KIỆT, PHƯỜNG 16",Q8,"1,1","G,B",B1.1,https://Techcombank - Ngân hàng TMCP Kỹ thương Việt Nam | Techcombank
DR-BB-G1.1,DIAMOND RIVERSIDE - BLOCK B2,"1646A VÕ VĂN KIỆT, PHƯỜNG 16",Q8,"1,2","G,B",G1.1,https://Trang dành cho Khách hàng cá nhân
DR-BB-B1.1,DIAMOND RIVERSIDE - BLOCK B2,"1646A VÕ VĂN KIỆT, PHƯỜNG 16",Q8,"1,2","G,B",B1.1,https://iPhone - Apple (VN)
DR-BB-B1.2,DIAMOND RIVERSIDE - BLOCK B2,"1646A VÕ VĂN KIỆT, PHƯỜNG 16",Q8,"1,2","G,B",B1.2,https://notegroup.com.vn/
DR-BC-G1.1,DIAMOND RIVERSIDE - BLOCK C1,"1646A VÕ VĂN KIỆT, PHƯỜNG 16",Q8,"1,2","G,B",G1.1,https://OPC PHARMA: Công ty Cổ phần Dược phẩm OPC - Trang chủ
DR-BC-B1.1,DIAMOND RIVERSIDE - BLOCK C1,"1646A VÕ VĂN KIỆT, PHƯỜNG 16",Q8,"1,2","G,B",B1.1,https://Ngân hàng Thương mại Cổ phần Công Thương Việt Nam
DR-BC-B1.2,DIAMOND RIVERSIDE - BLOCK C1,"1646A VÕ VĂN KIỆT, PHƯỜNG 16",Q8,"1,2","G,B",B1.2,https://iPhone - Apple (VN)
DR-BC-G1.1,DIAMOND RIVERSIDE - BLOCK C2,"1646A VÕ VĂN KIỆT, PHƯỜNG 16",Q8,"1,1","G,B",G1.1,https://Vietcombank | Ngân hàng TMCP Ngoại thương Việt Nam
DR-BC-B1.1,DIAMOND RIVERSIDE - BLOCK C2,"1646A VÕ VĂN KIỆT, PHƯỜNG 16",Q8,"1,1","G,B",B1.1,https://iPhone - Apple (VN)
DR-BD-G1.1,DIAMOND RIVERSIDE - BLOCK D,"1646A VÕ VĂN KIỆT, PHƯỜNG 16",Q8,"1,1","G,B",G1.1,https://Samsung Việt Nam | Thiết Bị Di Động | Tivi | Điện Gia Dụng
DR-BD-B1.1,DIAMOND RIVERSIDE - BLOCK D,"1646A VÕ VĂN KIỆT, PHƯỜNG 16",Q8,"1,1","G,B",B1.1,https://Thiết bị giải trí & Điện tử gia dụng | LG VN
E5-BA-G1.1,EHOME 5 - BLOCK A,167 TRẦN TRỌNG CUNG P.TÂN THUẬN,Q8,"1,1","G,1",G1.1,https://Xiaomi Việt Nam | Trang web chính thức của Xiaomi
E5-BA-11.1,EHOME 5 - BLOCK A,167 TRẦN TRỌNG CUNG P.TÂN THUẬN,Q8,"1,1","G,1",11.1,https://Thiết bị giải trí & Điện tử gia dụng | LG VN
E5-BB-1.1,EHOME 5 - BLOCK B,167 TRẦN TRỌNG CUNG P.TÂN THUẬN,Q8,1,G,1.1,https://Nhà thuốc FPT Long Châu - Đủ thuốc giá tốt
GVA-G1.1,GIAI VIỆT A1.2,"854-856 TẠ QUANG BỬU, PHƯỜNG CHÁNH HƯNG",Q8,2,G,G1.1,https://Nhà thuốc An Khang - Hệ thống bán lẻ thuốc chính hãng 100%
GVA-G1.2,GIAI VIỆT A1.2,"854-856 TẠ QUANG BỬU, PHƯỜNG CHÁNH HƯNG",Q8,2,G,G1.2,https://Đất Xanh Group - Tập đoàn Bất Động Sản Đất Xanh
GUVK-1.1,GIC UNG VĂN KHIÊM,"161 UNG VĂN KHIÊM, PHƯỜNG 25",BÌNH THẠNH,1,G,1.1,https://Techcombank - Ngân hàng TMCP Kỹ thương Việt Nam | Techcombank
HLCL-BB-G1.1,HIM LAM CHỢ LỚN - BLOCK B1,"491 HẬU GIANG, PHƯỜNG 11,",Q6,"1,1,1","G,B1,B2",G1.1,https://Trang dành cho Khách hàng cá nhân
HLCL-BB-B11.1,HIM LAM CHỢ LỚN - BLOCK B1,"491 HẬU GIANG, PHƯỜNG 11,",Q6,"1,1,1","G,B1,B2",B11.1,https://iPhone - Apple (VN)
HLCL-BB-B21.1,HIM LAM CHỢ LỚN - BLOCK B1,"491 HẬU GIANG, PHƯỜNG 11,",Q6,"1,1,1","G,B1,B2",B21.1,https://notegroup.com.vn/
HLCL-BB-G1.1,HIM LAM CHỢ LỚN - BLOCK B2,"491 HẬU GIANG, PHƯỜNG 11,",Q6,"1,1,1","G,B1,B2",G1.1,https://OPC PHARMA: Công ty Cổ phần Dược phẩm OPC - Trang chủ
HLCL-BB-B11.1,HIM LAM CHỢ LỚN - BLOCK B2,"491 HẬU GIANG, PHƯỜNG 11,",Q6,"1,1,1","G,B1,B2",B11.1,https://Ngân hàng Thương mại Cổ phần Công Thương Việt Nam
HLCL-BB-B21.1,HIM LAM CHỢ LỚN - BLOCK B2,"491 HẬU GIANG, PHƯỜNG 11,",Q6,"1,1,1","G,B1,B2",B21.1,https://iPhone - Apple (VN)
HLCL-BB-G1.1,HIM LAM CHỢ LỚN - BLOCK B3,"491 HẬU GIANG, PHƯỜNG 11,",Q6,"1,1,1","G,B1,B2",G1.1,https://Vietcombank | Ngân hàng TMCP Ngoại thương Việt Nam
HLCL-BB-B11.1,HIM LAM CHỢ LỚN - BLOCK B3,"491 HẬU GIANG, PHƯỜNG 11,",Q6,"1,1,1","G,B1,B2",B11.1,https://iPhone - Apple (VN)
HLCL-BB-B21.1,HIM LAM CHỢ LỚN - BLOCK B3,"491 HẬU GIANG, PHƯỜNG 11,",Q6,"1,1,1","G,B1,B2",B21.1,https://Samsung Việt Nam | Thiết Bị Di Động | Tivi | Điện Gia Dụng
HLCL-BB-G1.1,HIM LAM CHỢ LỚN - BLOCK B4,"491 HẬU GIANG, PHƯỜNG 11,",Q6,"1,1,1","G,B1,B2",G1.1,https://Thiết bị giải trí & Điện tử gia dụng | LG VN
HLCL-BB-B11.1,HIM LAM CHỢ LỚN - BLOCK B4,"491 HẬU GIANG, PHƯỜNG 11,",Q6,"1,1,1","G,B1,B2",B11.1,https://Xiaomi Việt Nam | Trang web chính thức của Xiaomi
HLCL-BB-B21.1,HIM LAM CHỢ LỚN - BLOCK B4,"491 HẬU GIANG, PHƯỜNG 11,",Q6,"1,1,1","G,B1,B2",B21.1,https://Thiết bị giải trí & Điện tử gia dụng | LG VN
HLCL-BC-G1.1,HIM LAM CHỢ LỚN - BLOCK C1,"491 HẬU GIANG, PHƯỜNG 11,",Q6,"1,1,1","G,B1,B2",G1.1,https://Nhà thuốc FPT Long Châu - Đủ thuốc giá tốt
HLCL-BC-B11.1,HIM LAM CHỢ LỚN - BLOCK C1,"491 HẬU GIANG, PHƯỜNG 11,",Q6,"1,1,1","G,B1,B2",B11.1,https://Nhà thuốc An Khang - Hệ thống bán lẻ thuốc chính hãng 100%
HLCL-BC-B21.1,HIM LAM CHỢ LỚN - BLOCK C1,"491 HẬU GIANG, PHƯỜNG 11,",Q6,"1,1,1","G,B1,B2",B21.1,https://Đất Xanh Group - Tập đoàn Bất Động Sản Đất Xanh
HLCL-BC-G1.1,HIM LAM CHỢ LỚN - BLOCK C2,"491 HẬU GIANG, PHƯỜNG 11,",Q6,"1,1,1","G,B1,B2",G1.1,https://Techcombank - Ngân hàng TMCP Kỹ thương Việt Nam | Techcombank
HLCL-BC-B11.1,HIM LAM CHỢ LỚN - BLOCK C2,"491 HẬU GIANG, PHƯỜNG 11,",Q6,"1,1,1","G,B1,B2",B11.1,https://Trang dành cho Khách hàng cá nhân
HLCL-BC-B21.1,HIM LAM CHỢ LỚN - BLOCK C2,"491 HẬU GIANG, PHƯỜNG 11,",Q6,"1,1,1","G,B1,B2",B21.1,https://iPhone - Apple (VN)
HLCL-BC-G1.1,HIM LAM CHỢ LỚN - BLOCK C3,"491 HẬU GIANG, PHƯỜNG 11,",Q6,"1,1,1","G,B1,B2",G1.1,https://notegroup.com.vn/
HLCL-BC-B11.1,HIM LAM CHỢ LỚN - BLOCK C3,"491 HẬU GIANG, PHƯỜNG 11,",Q6,"1,1,1","G,B1,B2",B11.1,https://OPC PHARMA: Công ty Cổ phần Dược phẩm OPC - Trang chủ
HLCL-BC-B21.1,HIM LAM CHỢ LỚN - BLOCK C3,"491 HẬU GIANG, PHƯỜNG 11,",Q6,"1,1,1","G,B1,B2",B21.1,https://Ngân hàng Thương mại Cổ phần Công Thương Việt Nam
HLCL-BC-G1.1,HIM LAM CHỢ LỚN - BLOCK C4,"491 HẬU GIANG, PHƯỜNG 11,",Q6,"1,1,1","G,B1,B2",G1.1,https://iPhone - Apple (VN)
HLCL-BC-B11.1,HIM LAM CHỢ LỚN - BLOCK C4,"491 HẬU GIANG, PHƯỜNG 11,",Q6,"1,1,1","G,B1,B2",B11.1,https://Vietcombank | Ngân hàng TMCP Ngoại thương Việt Nam
HLCL-BC-B21.1,HIM LAM CHỢ LỚN - BLOCK C4,"491 HẬU GIANG, PHƯỜNG 11,",Q6,"1,1,1","G,B1,B2",B21.1,https://iPhone - Apple (VN)
HKTG-BA-SA-11.1,HOÀNG KIM THẾ GIA - BLOCK A - SẢNH A,"31 TRƯƠNG PHƯỚC PHAN , PHƯỜNG BÌNH TRỊ ĐÔNG",BÌNH TÂN,"1,1","1,2",11.1,https://Samsung Việt Nam | Thiết Bị Di Động | Tivi | Điện Gia Dụng
HKTG-BA-SA-21.1,HOÀNG KIM THẾ GIA - BLOCK A - SẢNH A,"31 TRƯƠNG PHƯỚC PHAN , PHƯỜNG BÌNH TRỊ ĐÔNG",BÌNH TÂN,"1,1","1,2",21.1,https://Thiết bị giải trí & Điện tử gia dụng | LG VN
HKTG-BA-SB-11.1,HOÀNG KIM THẾ GIA - BLOCK A - SẢNH B,"31 TRƯƠNG PHƯỚC PHAN , PHƯỜNG BÌNH TRỊ ĐÔNG",BÌNH TÂN,2,1,11.1,https://Xiaomi Việt Nam | Trang web chính thức của Xiaomi
HKTG-BA-SB-11.2,HOÀNG KIM THẾ GIA - BLOCK A - SẢNH B,"31 TRƯƠNG PHƯỚC PHAN , PHƯỜNG BÌNH TRỊ ĐÔNG",BÌNH TÂN,2,1,11.2,https://Thiết bị giải trí & Điện tử gia dụng | LG VN
HKTG-BB-1.1,HOÀNG KIM THẾ GIA - BLOCK B,"31 TRƯƠNG PHƯỚC PHAN , PHƯỜNG BÌNH TRỊ ĐÔNG",BÌNH TÂN,1,1,1.1,https://Nhà thuốc FPT Long Châu - Đủ thuốc giá tốt
HKTG-BB-1.1,HOÀNG KIM THẾ GIA - BLOCK B,"31 TRƯƠNG PHƯỚC PHAN , PHƯỜNG BÌNH TRỊ ĐÔNG",BÌNH TÂN,1,1,1.1,https://Nhà thuốc An Khang - Hệ thống bán lẻ thuốc chính hãng 100%
HQV-1.1,HOÀNG QUỐC VIỆT,"HOÀNG QUỐC VIỆT, PHƯỜNG PHÚ MỸ",Q7,1,B,1.1,https://Đất Xanh Group - Tập đoàn Bất Động Sản Đất Xanh
HBTĐA-1.1,HQC BÌNH TRƯNG ĐÔNG A,"SỐ 03 ĐƯỜNG 63, KHU PHỐ 3, PHƯỜNG BÌNH ĐÔNG",THỦ ĐỨC,1,B,1.1,https://Techcombank - Ngân hàng TMCP Kỹ thương Việt Nam | Techcombank
HBTĐB-G1.1,HQC BÌNH TRƯNG ĐÔNG B,"SỐ 03 ĐƯỜNG 63, KHU PHỐ 3, PHƯỜNG BÌNH ĐÔNG",THỦ ĐỨC,"1,1","G,B",G1.1,https://Trang dành cho Khách hàng cá nhân
HBTĐB-B1.1,HQC BÌNH TRƯNG ĐÔNG B,"SỐ 03 ĐƯỜNG 63, KHU PHỐ 3, PHƯỜNG BÌNH ĐÔNG",THỦ ĐỨC,"1,1","G,B",B1.1,https://iPhone - Apple (VN)
I-H-BA-1.1,I - HOME - BLOCK A,"359 PHẠM VĂN CHIÊU, PHƯỜNG 14",GÒ VẤP,1,B,1.1,https://notegroup.com.vn/
I-H-BB-G1.1,I - HOME - BLOCK B,"359 PHẠM VĂN CHIÊU, PHƯỜNG 14",GÒ VẤP,"1,1","G,B",G1.1,https://OPC PHARMA: Công ty Cổ phần Dược phẩm OPC - Trang chủ
I-H-BB-B1.1,I - HOME - BLOCK B,"359 PHẠM VĂN CHIÊU, PHƯỜNG 14",GÒ VẤP,"1,1","G,B",B1.1,https://Ngân hàng Thương mại Cổ phần Công Thương Việt Nam
I-H-BC-G1.1,I - HOME - BLOCK C,"359 PHẠM VĂN CHIÊU, PHƯỜNG 14",GÒ VẤP,"1,1","G,B",G1.1,https://iPhone - Apple (VN)
I-H-BC-B1.1,I - HOME - BLOCK C,"359 PHẠM VĂN CHIÊU, PHƯỜNG 14",GÒ VẤP,"1,1","G,B",B1.1,https://Vietcombank | Ngân hàng TMCP Ngoại thương Việt Nam
IB-BA-G1.1,INVESTCO BABYLON - BLOCK A,"683A ÂU CƠ, PHƯỜNG TÂN THÀNH",TÂN PHÚ,"1,1","G,B1",G1.1,https://iPhone - Apple (VN)
IB-BA-B11.1,INVESTCO BABYLON - BLOCK A,"683A ÂU CƠ, PHƯỜNG TÂN THÀNH",TÂN PHÚ,"1,1","G,B1",B11.1,https://Samsung Việt Nam | Thiết Bị Di Động | Tivi | Điện Gia Dụng
IB-BB-G1.1,INVESTCO BABYLON - BLOCK B,"683A ÂU CƠ, PHƯỜNG TÂN THÀNH",TÂN PHÚ,"1,1","G,B1",G1.1,https://Thiết bị giải trí & Điện tử gia dụng | LG VN
IB-BB-B11.1,INVESTCO BABYLON - BLOCK B,"683A ÂU CƠ, PHƯỜNG TÂN THÀNH",TÂN PHÚ,"1,1","G,B1",B11.1,https://Xiaomi Việt Nam | Trang web chính thức của Xiaomi
IB-BC-1.1,INVESTCO BABYLON - BLOCK C,"683A ÂU CƠ, PHƯỜNG TÂN THÀNH",TÂN PHÚ,1,G,1.1,https://Thiết bị giải trí & Điện tử gia dụng | LG VN
JC-BM-11.1,JAMONA CITY - BLOCK M1A,"ĐƯỜNG ĐÀO TRÍ, PHƯỜNG PHÚ NHUẬN",Q7,"1,1,1","1,2,3",11.1,https://Nhà thuốc FPT Long Châu - Đủ thuốc giá tốt
JC-BM-21.1,JAMONA CITY - BLOCK M1A,"ĐƯỜNG ĐÀO TRÍ, PHƯỜNG PHÚ NHUẬN",Q7,"1,1,1","1,2,3",21.1,https://Nhà thuốc An Khang - Hệ thống bán lẻ thuốc chính hãng 100%
JC-BM-31.1,JAMONA CITY - BLOCK M1A,"ĐƯỜNG ĐÀO TRÍ, PHƯỜNG PHÚ NHUẬN",Q7,"1,1,1","1,2,3",31.1,https://Đất Xanh Group - Tập đoàn Bất Động Sản Đất Xanh
JC-BM-11.1,JAMONA CITY - BLOCK M1B,"ĐƯỜNG ĐÀO TRÍ, PHƯỜNG PHÚ NHUẬN",Q7,"1,1,1","1,2,3",11.1,https://Techcombank - Ngân hàng TMCP Kỹ thương Việt Nam | Techcombank
JC-BM-21.1,JAMONA CITY - BLOCK M1B,"ĐƯỜNG ĐÀO TRÍ, PHƯỜNG PHÚ NHUẬN",Q7,"1,1,1","1,2,3",21.1,https://Trang dành cho Khách hàng cá nhân
JC-BM-31.1,JAMONA CITY - BLOCK M1B,"ĐƯỜNG ĐÀO TRÍ, PHƯỜNG PHÚ NHUẬN",Q7,"1,1,1","1,2,3",31.1,https://iPhone - Apple (VN)
JC-BM-11.1,JAMONA CITY - BLOCK M2A,"ĐƯỜNG ĐÀO TRÍ, PHƯỜNG PHÚ NHUẬN",Q7,"1,1,1","1,2,3",11.1,https://OPC PHARMA: Công ty Cổ phần Dược phẩm OPC - Trang chủ
JC-BM-21.1,JAMONA CITY - BLOCK M2A,"ĐƯỜNG ĐÀO TRÍ, PHƯỜNG PHÚ NHUẬN",Q7,"1,1,1","1,2,3",21.1,https://Ngân hàng Thương mại Cổ phần Công Thương Việt Nam
JC-BM-31.1,JAMONA CITY - BLOCK M2A,"ĐƯỜNG ĐÀO TRÍ, PHƯỜNG PHÚ NHUẬN",Q7,"1,1,1","1,2,3",31.1,https://iPhone - Apple (VN)
JC-BM-11.1,JAMONA CITY - BLOCK M2B,"ĐƯỜNG ĐÀO TRÍ, PHƯỜNG PHÚ NHUẬN",Q7,"1,1,1","1,2,3",11.1,https://Vietcombank | Ngân hàng TMCP Ngoại thương Việt Nam
JC-BM-21.1,JAMONA CITY - BLOCK M2B,"ĐƯỜNG ĐÀO TRÍ, PHƯỜNG PHÚ NHUẬN",Q7,"1,1,1","1,2,3",21.1,https://iPhone - Apple (VN)
JC-BM-31.1,JAMONA CITY - BLOCK M2B,"ĐƯỜNG ĐÀO TRÍ, PHƯỜNG PHÚ NHUẬN",Q7,"1,1,1","1,2,3",31.1,https://Samsung Việt Nam | Thiết Bị Di Động | Tivi | Điện Gia Dụng
KH2-BC-G1.1,KHÁNH HỘI 2 - BLOCK C,360 BẾN VÂN ĐỒN P.VĨNH HỘI,Q4,"1,1","G,B",G1.1,https://Thiết bị giải trí & Điện tử gia dụng | LG VN
KH2-BC-B1.1,KHÁNH HỘI 2 - BLOCK C,360 BẾN VÂN ĐỒN P.VĨNH HỘI,Q4,"1,1","G,B",B1.1,https://Xiaomi Việt Nam | Trang web chính thức của Xiaomi
KH2-BD-G1.1,KHÁNH HỘI 2 - BLOCK D,360 BẾN VÂN ĐỒN P.VĨNH HỘI,Q4,"1,1","G,B",G1.1,https://Thiết bị giải trí & Điện tử gia dụng | LG VN
KH2-BD-B1.1,KHÁNH HỘI 2 - BLOCK D,360 BẾN VÂN ĐỒN P.VĨNH HỘI,Q4,"1,1","G,B",B1.1,https://Nhà thuốc FPT Long Châu - Đủ thuốc giá tốt
KR-BA-1.1,KINGTONS RESIDENCE - BLOCK A,223 HOÀNG VĂN THỤ,PHÚ NHUẬN,1,B1,1.1,https://Nhà thuốc An Khang - Hệ thống bán lẻ thuốc chính hãng 100%
KR-BA-1.1,KINGTONS RESIDENCE - BLOCK A,223 HOÀNG VĂN THỤ,PHÚ NHUẬN,1,B1,1.1,https://Đất Xanh Group - Tập đoàn Bất Động Sản Đất Xanh
KR-BB-1.1,KINGTONS RESIDENCE - BLOCK B,223 HOÀNG VĂN THỤ,PHÚ NHUẬN,1,G,1.1,https://Techcombank - Ngân hàng TMCP Kỹ thương Việt Nam | Techcombank
LC-KNA-SA-1.1,LÔ CD - KHỐI NHÀ A - SẢNH A,KHU AN PHÚ - BÌNH KHÁNH,Q2,1,G,1.1,https://Trang dành cho Khách hàng cá nhân
LC-KNA-SB-1.1,LÔ CD - KHỐI NHÀ A - SẢNH B,KHU AN PHÚ - BÌNH KHÁNH,Q2,1,G,1.1,https://iPhone - Apple (VN)
LC-KNB-SA-1.1,LÔ CD - KHỐI NHÀ B - SẢNH A,KHU AN PHÚ - BÌNH KHÁNH,Q2,1,G,1.1,https://OPC PHARMA: Công ty Cổ phần Dược phẩm OPC - Trang chủ
LC-KNB-SB-1.1,LÔ CD - KHỐI NHÀ B - SẢNH B,KHU AN PHÚ - BÌNH KHÁNH,Q2,1,G,1.1,https://Ngân hàng Thương mại Cổ phần Công Thương Việt Nam
LC-KNC-SA-1.1,LÔ CD - KHỐI NHÀ C - SẢNH A,KHU AN PHÚ - BÌNH KHÁNH,Q2,1,G,1.1,https://iPhone - Apple (VN)
LC-KNC-SB-1.1,LÔ CD - KHỐI NHÀ C - SẢNH B,KHU AN PHÚ - BÌNH KHÁNH,Q2,1,G,1.1,https://Vietcombank | Ngân hàng TMCP Ngoại thương Việt Nam
LP-BL-G1.1,LUKY PLACE - BLOCK LP1,50 PHAN VĂN KHỎE,QUẬN 6,2,G,G1.1,https://iPhone - Apple (VN)
LP-BL-G1.2,LUKY PLACE - BLOCK LP1,50 PHAN VĂN KHỎE,QUẬN 6,2,G,G1.2,https://Samsung Việt Nam | Thiết Bị Di Động | Tivi | Điện Gia Dụng
LP-BL-B11.1,LUKY PLACE - BLOCK LP2,50 PHAN VĂN KHỎE,QUẬN 6,"1,1","B1,B2",B11.1,https://Thiết bị giải trí & Điện tử gia dụng | LG VN
LP-BL-B21.1,LUKY PLACE - BLOCK LP2,50 PHAN VĂN KHỎE,QUẬN 6,"1,1","B1,B2",B21.1,https://Xiaomi Việt Nam | Trang web chính thức của Xiaomi
LG-BA-11.1,LUX GARDENT - BLOCK A,369 NGUYỄN VĂN QUỲ P..PHÚ THUẬN,Q7,"2,2","1,2",11.1,https://Thiết bị giải trí & Điện tử gia dụng | LG VN
LG-BA-11.2,LUX GARDENT - BLOCK A,369 NGUYỄN VĂN QUỲ P..PHÚ THUẬN,Q7,"2,2","1,2",11.2,https://Nhà thuốc FPT Long Châu - Đủ thuốc giá tốt
LG-BA-21.1,LUX GARDENT - BLOCK A,369 NGUYỄN VĂN QUỲ P..PHÚ THUẬN,Q7,"2,2","1,2",21.1,https://Nhà thuốc An Khang - Hệ thống bán lẻ thuốc chính hãng 100%
LG-BA-21.2,LUX GARDENT - BLOCK A,369 NGUYỄN VĂN QUỲ P..PHÚ THUẬN,Q7,"2,2","1,2",21.2,https://Đất Xanh Group - Tập đoàn Bất Động Sản Đất Xanh
LG-BB-11.1,LUX GARDENT - BLOCK B,369 NGUYỄN VĂN QUỲ P..PHÚ THUẬN,Q7,"2,2","1,2",11.1,https://Techcombank - Ngân hàng TMCP Kỹ thương Việt Nam | Techcombank
LG-BB-11.2,LUX GARDENT - BLOCK B,369 NGUYỄN VĂN QUỲ P..PHÚ THUẬN,Q7,"2,2","1,2",11.2,https://Trang dành cho Khách hàng cá nhân
LG-BB-21.1,LUX GARDENT - BLOCK B,369 NGUYỄN VĂN QUỲ P..PHÚ THUẬN,Q7,"2,2","1,2",21.1,https://iPhone - Apple (VN)
LG-BB-21.2,LUX GARDENT - BLOCK B,369 NGUYỄN VĂN QUỲ P..PHÚ THUẬN,Q7,"2,2","1,2",21.2,https://OPC PHARMA: Công ty Cổ phần Dược phẩm OPC - Trang chủ
MT(L&M-1.1,MELODY TOWER ( L & M),"N1 ĐIỆN BIÊN PHỦ, PHƯỜNG 25",BÌNH THẠNH,1,1,1.1,https://Ngân hàng Thương mại Cổ phần Công Thương Việt Nam
M3P-1.1,MORE 34 PASTEUR,"28-34 PASTEUR, PHƯỜNG NGUYỄN THÁI BÌNH",Q1,1,G,1.1,https://iPhone - Apple (VN)
M8PĐP-G1.1,MORE 89 PHAN ĐÌNH PHÙNG,"89 PHAN ĐÌNH PHÙNG, PHƯỜNG 17",PHÚ NHUẬN,"2,1","G,B",G1.1,https://Vietcombank | Ngân hàng TMCP Ngoại thương Việt Nam
M8PĐP-G1.2,MORE 89 PHAN ĐÌNH PHÙNG,"89 PHAN ĐÌNH PHÙNG, PHƯỜNG 17",PHÚ NHUẬN,"2,1","G,B",G1.2,https://iPhone - Apple (VN)
M8PĐP-B1.1,MORE 89 PHAN ĐÌNH PHÙNG,"89 PHAN ĐÌNH PHÙNG, PHƯỜNG 17",PHÚ NHUẬN,"2,1","G,B",B1.1,https://Samsung Việt Nam | Thiết Bị Di Động | Tivi | Điện Gia Dụng
MB5-1.1,MORE BUILDING 520CMT8,520 CÁCH MẠNG THÁNG 8,Q3,1,G,1.1,https://Thiết bị giải trí & Điện tử gia dụng | LG VN
MBNVT-1.1,MORE BUILDING NGUYỄN VĂN THỦ,"NGUYỄN VĂN THỦ, P. ĐA KAO",Q1,1,G,1.1,https://Xiaomi Việt Nam | Trang web chính thức của Xiaomi
MK-BA-G1.1,MỸ KIM - BLOCK A,"19 KHA VẠN CÂN, PHƯỜNG HIỆP BÌNH CHÁNH",THỦ ĐỨC,"1,1","G,B",G1.1,https://Thiết bị giải trí & Điện tử gia dụng | LG VN
MK-BA-B1.1,MỸ KIM - BLOCK A,"19 KHA VẠN CÂN, PHƯỜNG HIỆP BÌNH CHÁNH",THỦ ĐỨC,"1,1","G,B",B1.1,https://Nhà thuốc FPT Long Châu - Đủ thuốc giá tốt
MK-B-G1.1,MỸ KIM - BLOCKB,"19 KHA VẠN CÂN, PHƯỜNG HIỆP BÌNH CHÁNH",THỦ ĐỨC,"1,1","G,B",G1.1,https://Nhà thuốc An Khang - Hệ thống bán lẻ thuốc chính hãng 100%
MK-B-B1.1,MỸ KIM - BLOCKB,"19 KHA VẠN CÂN, PHƯỜNG HIỆP BÌNH CHÁNH",THỦ ĐỨC,"1,1","G,B",B1.1,https://Đất Xanh Group - Tập đoàn Bất Động Sản Đất Xanh
ML-SA-G1.1,MỸ LONG - SẢNH A,"ĐƯỜNG 18, KHU PHỐ 46, PHƯỜNG HIỆP BÌNH CHÁNH",THỦ ĐỨC,"1,1","G,B",G1.1,https://Techcombank - Ngân hàng TMCP Kỹ thương Việt Nam | Techcombank
ML-SA-B1.1,MỸ LONG - SẢNH A,"ĐƯỜNG 18, KHU PHỐ 46, PHƯỜNG HIỆP BÌNH CHÁNH",THỦ ĐỨC,"1,1","G,B",B1.1,https://Trang dành cho Khách hàng cá nhân
ML-SB-G1.1,MỸ LONG - SẢNH B,"ĐƯỜNG 18, KHU PHỐ 46, PHƯỜNG HIỆP BÌNH CHÁNH",THỦ ĐỨC,"1,1","G,B",G1.1,https://iPhone - Apple (VN)
ML-SB-B1.1,MỸ LONG - SẢNH B,"ĐƯỜNG 18, KHU PHỐ 46, PHƯỜNG HIỆP BÌNH CHÁNH",THỦ ĐỨC,"1,1","G,B",B1.1,https://OPC PHARMA: Công ty Cổ phần Dược phẩm OPC - Trang chủ
NV-G1.1,NAM VIỆT,"9 PHAN KẾ BÍNH, PHƯỜNG ĐA KAO",Q1,"1,1","G,B",G1.1,https://Ngân hàng Thương mại Cổ phần Công Thương Việt Nam
NV-B1.1,NAM VIỆT,"9 PHAN KẾ BÍNH, PHƯỜNG ĐA KAO",Q1,"1,1","G,B",B1.1,https://iPhone - Apple (VN)
NSG-BA-G1.1,NEW SÀI GÒN - BLOCK A1,NGUYỄN HỮU THỌ XÃ NHÀ BÈ,NHÀ BÈ,"1,1","G,B",G1.1,https://Vietcombank | Ngân hàng TMCP Ngoại thương Việt Nam
NSG-BA-B1.1,NEW SÀI GÒN - BLOCK A1,NGUYỄN HỮU THỌ XÃ NHÀ BÈ,NHÀ BÈ,"1,1","G,B",B1.1,https://iPhone - Apple (VN)
NSG-BA-G1.1,NEW SÀI GÒN - BLOCK A2,NGUYỄN HỮU THỌ XÃ NHÀ BÈ,NHÀ BÈ,"1,1","G,B",G1.1,https://Samsung Việt Nam | Thiết Bị Di Động | Tivi | Điện Gia Dụng
NSG-BA-B1.1,NEW SÀI GÒN - BLOCK A2,NGUYỄN HỮU THỌ XÃ NHÀ BÈ,NHÀ BÈ,"1,1","G,B",B1.1,https://Thiết bị giải trí & Điện tử gia dụng | LG VN
NSG-BB-G1.1,NEW SÀI GÒN - BLOCK B1,NGUYỄN HỮU THỌ XÃ NHÀ BÈ,NHÀ BÈ,"1,1","G,B",G1.1,https://Xiaomi Việt Nam | Trang web chính thức của Xiaomi
NSG-BB-B1.1,NEW SÀI GÒN - BLOCK B1,NGUYỄN HỮU THỌ XÃ NHÀ BÈ,NHÀ BÈ,"1,1","G,B",B1.1,https://Thiết bị giải trí & Điện tử gia dụng | LG VN
NSG-BB-G1.1,NEW SÀI GÒN - BLOCK B2,NGUYỄN HỮU THỌ XÃ NHÀ BÈ,NHÀ BÈ,"1,1","G,B",G1.1,https://Nhà thuốc FPT Long Châu - Đủ thuốc giá tốt
NSG-BB-B1.1,NEW SÀI GÒN - BLOCK B2,NGUYỄN HỮU THỌ XÃ NHÀ BÈ,NHÀ BÈ,"1,1","G,B",B1.1,https://Nhà thuốc An Khang - Hệ thống bán lẻ thuốc chính hãng 100%
NSG-BC-G1.1,NEW SÀI GÒN - BLOCK C1,NGUYỄN HỮU THỌ XÃ NHÀ BÈ,NHÀ BÈ,"1,1","G,B",G1.1,https://Đất Xanh Group - Tập đoàn Bất Động Sản Đất Xanh
NSG-BC-B1.1,NEW SÀI GÒN - BLOCK C1,NGUYỄN HỮU THỌ XÃ NHÀ BÈ,NHÀ BÈ,"1,1","G,B",B1.1,https://Techcombank - Ngân hàng TMCP Kỹ thương Việt Nam | Techcombank
NSG-BC-G1.1,NEW SÀI GÒN - BLOCK C2,NGUYỄN HỮU THỌ XÃ NHÀ BÈ,NHÀ BÈ,"1,1","G,B",G1.1,https://Trang dành cho Khách hàng cá nhân
NSG-BC-B1.1,NEW SÀI GÒN - BLOCK C2,NGUYỄN HỮU THỌ XÃ NHÀ BÈ,NHÀ BÈ,"1,1","G,B",B1.1,https://iPhone - Apple (VN)
NSG-BD-G1.1,NEW SÀI GÒN - BLOCK D1,NGUYỄN HỮU THỌ XÃ NHÀ BÈ,NHÀ BÈ,"1,1","G,B",G1.1,https://OPC PHARMA: Công ty Cổ phần Dược phẩm OPC - Trang chủ
NSG-BD-B1.1,NEW SÀI GÒN - BLOCK D1,NGUYỄN HỮU THỌ XÃ NHÀ BÈ,NHÀ BÈ,"1,1","G,B",B1.1,https://Ngân hàng Thương mại Cổ phần Công Thương Việt Nam
NSG-BD-G1.1,NEW SÀI GÒN - BLOCK D2,NGUYỄN HỮU THỌ XÃ NHÀ BÈ,NHÀ BÈ,"1,1","G,B",G1.1,https://iPhone - Apple (VN)
NSG-BD-B1.1,NEW SÀI GÒN - BLOCK D2,NGUYỄN HỮU THỌ XÃ NHÀ BÈ,NHÀ BÈ,"1,1","G,B",B1.1,https://Vietcombank | Ngân hàng TMCP Ngoại thương Việt Nam
NA-G1.1,NEWTOWN APARTMENT,"69 ĐƯỜNG 18, PHƯỜNG HIỆP BÌNH CHÁNH",THỦ ĐỨC,"1,1","G,B",G1.1,https://iPhone - Apple (VN)
NA-B1.1,NEWTOWN APARTMENT,"69 ĐƯỜNG 18, PHƯỜNG HIỆP BÌNH CHÁNH",THỦ ĐỨC,"1,1","G,B",B1.1,https://Samsung Việt Nam | Thiết Bị Di Động | Tivi | Điện Gia Dụng
NĐD-G1.1,NGỌC ĐÔNG DƯƠNG,"119 ĐƯỜNG BÌNH LONG , KHU PHỐ 9 , P.BÌNH TRỊ ĐÔNG",TÂN PHÚ,"1,1","G,B",G1.1,https://Thiết bị giải trí & Điện tử gia dụng | LG VN
NĐD-B1.1,NGỌC ĐÔNG DƯƠNG,"119 ĐƯỜNG BÌNH LONG , KHU PHỐ 9 , P.BÌNH TRỊ ĐÔNG",TÂN PHÚ,"1,1","G,B",B1.1,https://Xiaomi Việt Nam | Trang web chính thức của Xiaomi
NK-KB-BA-G1.1,NGUYỄN KIM - KHU B - BLOCK A,"505 ĐƯỜNG NHẬT TẢO, PHƯỜNG 7",Q10,"1,1","G,B",G1.1,https://Thiết bị giải trí & Điện tử gia dụng | LG VN
NK-KB-BA-B1.1,NGUYỄN KIM - KHU B - BLOCK A,"505 ĐƯỜNG NHẬT TẢO, PHƯỜNG 7",Q10,"1,1","G,B",B1.1,https://Nhà thuốc FPT Long Châu - Đủ thuốc giá tốt
NK-KB-BA-G1.1,NGUYỄN KIM - KHU B - BLOCK A,"505 ĐƯỜNG NHẬT TẢO, PHƯỜNG 7",Q10,"1,1","G,B",G1.1,https://Nhà thuốc An Khang - Hệ thống bán lẻ thuốc chính hãng 100%
NK-KB-BA-B1.1,NGUYỄN KIM - KHU B - BLOCK A,"505 ĐƯỜNG NHẬT TẢO, PHƯỜNG 7",Q10,"1,1","G,B",B1.1,https://Đất Xanh Group - Tập đoàn Bất Động Sản Đất Xanh
NK-KB-BA-G1.1,NGUYỄN KIM - KHU B - BLOCK A,"505 ĐƯỜNG NHẬT TẢO, PHƯỜNG 7",Q10,"1,1","G,B",G1.1,https://Techcombank - Ngân hàng TMCP Kỹ thương Việt Nam | Techcombank
NK-KB-BA-B1.1,NGUYỄN KIM - KHU B - BLOCK A,"505 ĐƯỜNG NHẬT TẢO, PHƯỜNG 7",Q10,"1,1","G,B",B1.1,https://Trang dành cho Khách hàng cá nhân
NNP-BA-M1.1,NGUYỄN NGỌC PHƯƠNG - BLOCK A,"66 NGUYỄN NGỌC PHƯƠNG, PHƯỜNG 19",BÌNH THẠNH,"1,1","M,1",M1.1,https://iPhone - Apple (VN)
NNP-BA-11.1,NGUYỄN NGỌC PHƯƠNG - BLOCK A,"66 NGUYỄN NGỌC PHƯƠNG, PHƯỜNG 19",BÌNH THẠNH,"1,1","M,1",11.1,https://OPC PHARMA: Công ty Cổ phần Dược phẩm OPC - Trang chủ
NNP-BB-M1.1,NGUYỄN NGỌC PHƯƠNG - BLOCK B,"66 NGUYỄN NGỌC PHƯƠNG, PHƯỜNG 19",BÌNH THẠNH,"1,1","M,1",M1.1,https://Ngân hàng Thương mại Cổ phần Công Thương Việt Nam
NNP-BB-11.1,NGUYỄN NGỌC PHƯƠNG - BLOCK B,"66 NGUYỄN NGỌC PHƯƠNG, PHƯỜNG 19",BÌNH THẠNH,"1,1","M,1",11.1,https://iPhone - Apple (VN)
PA-BA-G1.1,PARKVIEW APARTMENT - BLOCK A,"115 NGUYỄN ĐỨC CẢNH , TÂN HƯNG",Q7,"1,1","G,B",G1.1,https://Vietcombank | Ngân hàng TMCP Ngoại thương Việt Nam
PA-BA-B1.1,PARKVIEW APARTMENT - BLOCK A,"115 NGUYỄN ĐỨC CẢNH , TÂN HƯNG",Q7,"1,1","G,B",B1.1,https://iPhone - Apple (VN)
PA-BB-G1.1,PARKVIEW APARTMENT - BLOCK B,"115 NGUYỄN ĐỨC CẢNH , TÂN HƯNG",Q7,"1,1","G,B",G1.1,https://Samsung Việt Nam | Thiết Bị Di Động | Tivi | Điện Gia Dụng
PA-BB-B1.1,PARKVIEW APARTMENT - BLOCK B,"115 NGUYỄN ĐỨC CẢNH , TÂN HƯNG",Q7,"1,1","G,B",B1.1,https://Thiết bị giải trí & Điện tử gia dụng | LG VN
PVL-BA-G1.1,PETRO VIETNAM LANDMARK - BLOCK A,"65 MAI CHÍ THỌ, PHƯỜNG AN PHÚ",THỦ ĐỨC,"1,1","G,B",G1.1,https://Xiaomi Việt Nam | Trang web chính thức của Xiaomi
PVL-BA-B1.1,PETRO VIETNAM LANDMARK - BLOCK A,"65 MAI CHÍ THỌ, PHƯỜNG AN PHÚ",THỦ ĐỨC,"1,1","G,B",B1.1,https://Thiết bị giải trí & Điện tử gia dụng | LG VN
PVL-BB-G1.1,PETRO VIETNAM LANDMARK - BLOCK B,"65 MAI CHÍ THỌ, PHƯỜNG AN PHÚ",THỦ ĐỨC,"1,1","G,B",G1.1,https://Nhà thuốc FPT Long Châu - Đủ thuốc giá tốt
PVL-BB-B1.1,PETRO VIETNAM LANDMARK - BLOCK B,"65 MAI CHÍ THỌ, PHƯỜNG AN PHÚ",THỦ ĐỨC,"1,1","G,B",B1.1,https://Nhà thuốc An Khang - Hệ thống bán lẻ thuốc chính hãng 100%
PVL-BC-G1.1,PETRO VIETNAM LANDMARK - BLOCK C,"65 MAI CHÍ THỌ, PHƯỜNG AN PHÚ",THỦ ĐỨC,"1,1","G,B",G1.1,https://Đất Xanh Group - Tập đoàn Bất Động Sản Đất Xanh
PVL-BC-B1.1,PETRO VIETNAM LANDMARK - BLOCK C,"65 MAI CHÍ THỌ, PHƯỜNG AN PHÚ",THỦ ĐỨC,"1,1","G,B",B1.1,https://Techcombank - Ngân hàng TMCP Kỹ thương Việt Nam | Techcombank
PVL-BD-G1.1,PETRO VIETNAM LANDMARK - BLOCK D,"65 MAI CHÍ THỌ, PHƯỜNG AN PHÚ",THỦ ĐỨC,"1,1","G,B",G1.1,https://Trang dành cho Khách hàng cá nhân
PVL-BD-B1.1,PETRO VIETNAM LANDMARK - BLOCK D,"65 MAI CHÍ THỌ, PHƯỜNG AN PHÚ",THỦ ĐỨC,"1,1","G,B",B1.1,https://iPhone - Apple (VN)
PĐ-11.1,PHỐ ĐÔNG,"1 ĐƯỜNG D31, TỔ 12, KP6, PHƯỜNG PHƯỚC LONG B",THỦ ĐỨC,"1,1,1","1,B1,B2",11.1,https://iPhone - Apple (VN)
PĐ-B11.1,PHỐ ĐÔNG,"1 ĐƯỜNG D31, TỔ 12, KP6, PHƯỜNG PHƯỚC LONG B",THỦ ĐỨC,"1,1,1","1,B1,B2",B11.1,https://iPhone - Apple (VN)
PĐ-B21.1,PHỐ ĐÔNG,"1 ĐƯỜNG D31, TỔ 12, KP6, PHƯỜNG PHƯỚC LONG B",THỦ ĐỨC,"1,1,1","1,B1,B2",B21.1,https://iPhone - Apple (VN)
PNP-B11.1,PHÚ NHUẬN PLAZA,"82 TRẦN HUY LIỆU, PHƯỜNG CẦU KIỆU",PHÚ NHUẬN,"1,1","B1,B2",B11.1,https://iPhone - Apple (VN)
PNP-B21.1,PHÚ NHUẬN PLAZA,"82 TRẦN HUY LIỆU, PHƯỜNG CẦU KIỆU",PHÚ NHUẬN,"1,1","B1,B2",B21.1,https://iPhone - Apple (VN)
PT-BA-1.1,PHÚ THẠNH - BLOCK A,53 NGUYỄN SƠN,TÂN PHÚ,1,G,1.1,https://iPhone - Apple (VN)
PT-BB-1.1,PHÚ THẠNH - BLOCK B,53 NGUYỄN SƠN,TÂN PHÚ,1,G,1.1,https://iPhone - Apple (VN)
PT-BC-1.1,PHÚ THẠNH - BLOCK C,53 NGUYỄN SƠN,TÂN PHÚ,1,G,1.1,https://iPhone - Apple (VN)
PT-BD-1.1,PHÚ THẠNH - BLOCK D,53 NGUYỄN SƠN,TÂN PHÚ,1,G,1.1,https://iPhone - Apple (VN)
PT-BE-1.1,PHÚ THẠNH - BLOCK E,53 NGUYỄN SƠN,TÂN PHÚ,1,G,1.1,https://iPhone - Apple (VN)
PT-A-G1.1,PHÚC THỊNH -BLOCK A,341 CAO ĐẠT,Q5,"1,1","G,B",G1.1,https://iPhone - Apple (VN)
PT-A-B1.1,PHÚC THỊNH -BLOCK A,341 CAO ĐẠT,Q5,"1,1","G,B",B1.1,https://iPhone - Apple (VN)
PT-BB-G1.1,PHÚC THỊNH - BLOCK B,341 CAO ĐẠT,Q5,"1,1","G,B",G1.1,https://iPhone - Apple (VN)
PT-BB-B1.1,PHÚC THỊNH - BLOCK B,341 CAO ĐẠT,Q5,"1,1","G,B",B1.1,https://iPhone - Apple (VN)
PT-BC-G1.1,PHÚC THỊNH - BLOCK C,341 CAO ĐẠT,Q5,"1,1","G,B",G1.1,https://iPhone - Apple (VN)
PT-BC-B1.1,PHÚC THỊNH - BLOCK C,341 CAO ĐẠT,Q5,"1,1","G,B",B1.1,https://iPhone - Apple (VN)
PT-G1.1,PHƯỚC THÀNH,199 ĐIỆN BIÊN PHỦ,BÌNH THẠNH,"1,2","G,B",G1.1,https://iPhone - Apple (VN)
PT-B1.1,PHƯỚC THÀNH,199 ĐIỆN BIÊN PHỦ,BÌNH THẠNH,"1,2","G,B",B1.1,https://iPhone - Apple (VN)
PT-B1.2,PHƯỚC THÀNH,199 ĐIỆN BIÊN PHỦ,BÌNH THẠNH,"1,2","G,B",B1.2,https://iPhone - Apple (VN)
QT-BA-G1.1,QUANG THÁI - BLOCK A,111B LÝ THÁNH TÔNG,TÂN PHÚ,"1,1","G,B",G1.1,https://iPhone - Apple (VN)
QT-BA-B1.1,QUANG THÁI - BLOCK A,111B LÝ THÁNH TÔNG,TÂN PHÚ,"1,1","G,B",B1.1,https://iPhone - Apple (VN)
QT-BB-G1.1,QUANG THÁI - BLOCK B,111B LÝ THÁNH TÔNG,TÂN PHÚ,"1,1","G,B",G1.1,https://iPhone - Apple (VN)
QT-BB-B1.1,QUANG THÁI - BLOCK B,111B LÝ THÁNH TÔNG,TÂN PHÚ,"1,1","G,B",B1.1,https://iPhone - Apple (VN)
QCGL-G1.1,QUỐC CƯỜNG GIA LAI,"421 TRẦN XUÂN SOẠN, PHƯỜNG TÂN HƯNG",Q7,"1,1","G,B",G1.1,https://iPhone - Apple (VN)
QCGL-B1.1,QUỐC CƯỜNG GIA LAI,"421 TRẦN XUÂN SOẠN, PHƯỜNG TÂN HƯNG",Q7,"1,1","G,B",B1.1,https://iPhone - Apple (VN)
NK-KB-BA-G1.1,NGUYỄN KIM - KHU B - BLOCK A,"505 ĐƯỜNG NHẬT TẢO, PHƯỜNG 7",Q10,"1,1","G,B",G1.1,https://iPhone - Apple (VN)
NK-KB-BA-B1.1,NGUYỄN KIM - KHU B - BLOCK A,"505 ĐƯỜNG NHẬT TẢO, PHƯỜNG 7",Q10,"1,1","G,B",B1.1,https://iPhone - Apple (VN)
RP-11.1,REMAX PLAZA,"116-117-119 BÃI SẬY, PHƯỜNG 1",QUẬN 6,"2,1,1","1,B1,B2",11.1,https://iPhone - Apple (VN)
RP-11.2,REMAX PLAZA,"116-117-119 BÃI SẬY, PHƯỜNG 1",QUẬN 6,"2,1,1","1,B1,B2",11.2,https://iPhone - Apple (VN)
RP-B11.1,REMAX PLAZA,"116-117-119 BÃI SẬY, PHƯỜNG 1",QUẬN 6,"2,1,1","1,B1,B2",B11.1,https://iPhone - Apple (VN)
RP-B21.1,REMAX PLAZA,"116-117-119 BÃI SẬY, PHƯỜNG 1",QUẬN 6,"2,1,1","1,B1,B2",B21.1,https://iPhone - Apple (VN)
RG-G1.1,RES GREEN,7A THOẠI NGỌC HẦU,TÂN PHÚ,"1,1","G,B",G1.1,https://iPhone - Apple (VN)
RG-B1.1,RES GREEN,7A THOẠI NGỌC HẦU,TÂN PHÚ,"1,1","G,B",B1.1,https://iPhone - Apple (VN)
RL-BA-G1.1,RUBY LAND - BLOCK A,"4 LÊ QUÁT, PHƯỜNG TÂN THỚI HÒA",TÂN PHÚ,"1,1","G,B",G1.1,https://iPhone - Apple (VN)
RL-BA-B1.1,RUBY LAND - BLOCK A,"4 LÊ QUÁT, PHƯỜNG TÂN THỚI HÒA",TÂN PHÚ,"1,1","G,B",B1.1,https://iPhone - Apple (VN)
RL-BB-G1.1,RUBY LAND - BLOCK B,"4 LÊ QUÁT, PHƯỜNG TÂN THỚI HÒA",TÂN PHÚ,"1,1","G,B",G1.1,https://iPhone - Apple (VN)
RL-BB-B1.1,RUBY LAND - BLOCK B,"4 LÊ QUÁT, PHƯỜNG TÂN THỚI HÒA",TÂN PHÚ,"1,1","G,B",B1.1,https://iPhone - Apple (VN)
SP-BA-G1.1,SAIGONRES PLAZA - BLOCK A1,188 NGUYỄN XÍ,BÌNH THẠNH,"1,1","G,B",G1.1,https://iPhone - Apple (VN)
SP-BA-B1.1,SAIGONRES PLAZA - BLOCK A1,188 NGUYỄN XÍ,BÌNH THẠNH,"1,1","G,B",B1.1,https://iPhone - Apple (VN)
SP-BA-G1.1,SAIGONRES PLAZA - BLOCK A2,188 NGUYỄN XÍ,BÌNH THẠNH,"1,1","G,B",G1.1,https://iPhone - Apple (VN)
SP-BA-B1.1,SAIGONRES PLAZA - BLOCK A2,188 NGUYỄN XÍ,BÌNH THẠNH,"1,1","G,B",B1.1,https://iPhone - Apple (VN)
SP-BB-11.1,SAIGONRES PLAZA - BLOCK B1,188 NGUYỄN XÍ,BÌNH THẠNH,"1,1,1","1,2,B",11.1,https://iPhone - Apple (VN)
SP-BB-21.1,SAIGONRES PLAZA - BLOCK B1,188 NGUYỄN XÍ,BÌNH THẠNH,"1,1,1","1,2,B",21.1,https://iPhone - Apple (VN)
SP-BB-B1.1,SAIGONRES PLAZA - BLOCK B1,188 NGUYỄN XÍ,BÌNH THẠNH,"1,1,1","1,2,B",B1.1,https://iPhone - Apple (VN)
SP-BB-11.1,SAIGONRES PLAZA - BLOCK B2,188 NGUYỄN XÍ,BÌNH THẠNH,"1,1","1,2",11.1,https://iPhone - Apple (VN)
SP-BB-21.1,SAIGONRES PLAZA - BLOCK B2,188 NGUYỄN XÍ,BÌNH THẠNH,"1,1","1,2",21.1,https://iPhone - Apple (VN)
ST-BA-G1.1,SCREC TOWER - BLOCK A,"974A TRƯỜNG SA, PHƯỜNG 12",Q3,"1,1","G,2",G1.1,https://iPhone - Apple (VN)
ST-BA-21.1,SCREC TOWER - BLOCK A,"974A TRƯỜNG SA, PHƯỜNG 12",Q3,"1,1","G,2",21.1,https://iPhone - Apple (VN)
ST-BB-G1.1,SCREC TOWER - BLOCK B,"974A TRƯỜNG SA, PHƯỜNG 12",Q3,"1,1","G,2",G1.1,https://iPhone - Apple (VN)
ST-BB-21.1,SCREC TOWER - BLOCK B,"974A TRƯỜNG SA, PHƯỜNG 12",Q3,"1,1","G,2",21.1,https://iPhone - Apple (VN)
ST-BC-G1.1,SCREC TOWER - BLOCK C,"974A TRƯỜNG SA, PHƯỜNG 12",Q3,"1,1","G,2",G1.1,https://iPhone - Apple (VN)
ST-BC-21.1,SCREC TOWER - BLOCK C,"974A TRƯỜNG SA, PHƯỜNG 12",Q3,"1,1","G,2",21.1,https://iPhone - Apple (VN)
SRBA-G1.1,STARLIGHT RIVERSIDE- BLOCK A1,241/42 NGUYỄN VĂN LUÔNG,Q6,"1,1","G,B",G1.1,https://iPhone - Apple (VN)
SRBA-B1.1,STARLIGHT RIVERSIDE- BLOCK A1,241/42 NGUYỄN VĂN LUÔNG,Q6,"1,1","G,B",B1.1,https://iPhone - Apple (VN)
SR-BA-G1.1,STARLIGHT RIVERSIDE - BLOCK A2,241/42 NGUYỄN VĂN LUÔNG,Q6,"1,1","G,B",G1.1,https://iPhone - Apple (VN)
SR-BA-B1.1,STARLIGHT RIVERSIDE - BLOCK A2,241/42 NGUYỄN VĂN LUÔNG,Q6,"1,1","G,B",B1.1,https://iPhone - Apple (VN)
SR-BA-G1.1,STARLIGHT RIVERSIDE - BLOCK A3,241/42 NGUYỄN VĂN LUÔNG,Q6,"1,1","G,B",G1.1,https://iPhone - Apple (VN)
SR-BA-B1.1,STARLIGHT RIVERSIDE - BLOCK A3,241/42 NGUYỄN VĂN LUÔNG,Q6,"1,1","G,B",B1.1,https://iPhone - Apple (VN)
SR-BB-G1.1,STARLIGHT RIVERSIDE - BLOCK B1,241/42 NGUYỄN VĂN LUÔNG,Q6,"1,1","G,B",G1.1,https://iPhone - Apple (VN)
SR-BB-B1.1,STARLIGHT RIVERSIDE - BLOCK B1,241/42 NGUYỄN VĂN LUÔNG,Q6,"1,1","G,B",B1.1,https://iPhone - Apple (VN)
SR-BB-G1.1,STARLIGHT RIVERSIDE - BLOCK B2,241/42 NGUYỄN VĂN LUÔNG,Q6,"1,1","G,B",G1.1,https://iPhone - Apple (VN)
SR-BB-B1.1,STARLIGHT RIVERSIDE - BLOCK B2,241/42 NGUYỄN VĂN LUÔNG,Q6,"1,1","G,B",B1.1,https://iPhone - Apple (VN)
TH-G1.1,THE HUB,"195/10E ĐIỆN BIÊN PHỦ, PHƯỜNG 15",BÌNH THẠNH,"1,1","G,B",G1.1,https://iPhone - Apple (VN)
TH-B1.1,THE HUB,"195/10E ĐIỆN BIÊN PHỦ, PHƯỜNG 15",BÌNH THẠNH,"1,1","G,B",B1.1,https://iPhone - Apple (VN)
TV-BA-1.1,THUẬN VIỆT - BLOCK A,"319 LÝ THƯỜNG KIỆT, PHƯỜNG 15",Q11,1,G,1.1,https://iPhone - Apple (VN)
TV-BB-1.1,THUẬN VIỆT - BLOCK B,"319 LÝ THƯỜNG KIỆT, PHƯỜNG 15",Q11,1,G,1.1,https://iPhone - Apple (VN)
TV-BC-1.1,THUẬN VIỆT - BLOCK C,"319 LÝ THƯỜNG KIỆT, PHƯỜNG 15",Q11,1,G,1.1,https://iPhone - Apple (VN)
TV-BD-1.1,THUẬN VIỆT - BLOCK D,"319 LÝ THƯỜNG KIỆT, PHƯỜNG 15",Q11,1,G,1.1,https://iPhone - Apple (VN)
TNC-BA-G1.1,TÒA NHÀ CENTANA - BLOCK A,"36 MAI CHÍ THỌ , AN PHÚ",THỦ ĐỨC,"1,1","G,B",G1.1,https://iPhone - Apple (VN)
TNC-BA-B1.1,TÒA NHÀ CENTANA - BLOCK A,"36 MAI CHÍ THỌ , AN PHÚ",THỦ ĐỨC,"1,1","G,B",B1.1,https://iPhone - Apple (VN)
TNC-BB-G1.1,TÒA NHÀ CENTANA  - BLOCK B1,"36 MAI CHÍ THỌ , AN PHÚ",THỦ ĐỨC,"1,1","G,B",G1.1,https://iPhone - Apple (VN)
TNC-BB-B1.1,TÒA NHÀ CENTANA  - BLOCK B1,"36 MAI CHÍ THỌ , AN PHÚ",THỦ ĐỨC,"1,1","G,B",B1.1,https://iPhone - Apple (VN)
TNC-BB-G1.1,TÒA NHÀ CENTANA - BLOCK B2,"36 MAI CHÍ THỌ , AN PHÚ",THỦ ĐỨC,"1,1","G,B",G1.1,https://iPhone - Apple (VN)
TNC-BB-B1.1,TÒA NHÀ CENTANA - BLOCK B2,"36 MAI CHÍ THỌ , AN PHÚ",THỦ ĐỨC,"1,1","G,B",B1.1,https://iPhone - Apple (VN)
TNMG-B11.1,TÒA NHÀ MỘC GIA,"238-240 NGUYỄN OANH, PHƯỜNG 17",GÒ VẤP,"1,1","B1,B2",B11.1,https://iPhone - Apple (VN)
TNMG-B21.1,TÒA NHÀ MỘC GIA,"238-240 NGUYỄN OANH, PHƯỜNG 17",GÒ VẤP,"1,1","B1,B2",B21.1,https://iPhone - Apple (VN)
TNMPA-G1.1,TÒA NHÀ MỸ PHÚ A,60 LÂM VĂN BỀN,Q7,"1,1","G,B",G1.1,https://iPhone - Apple (VN)
TNMPA-B1.1,TÒA NHÀ MỸ PHÚ A,60 LÂM VĂN BỀN,Q7,"1,1","G,B",B1.1,https://iPhone - Apple (VN)
TNMPB-G1.1,TÒA NHÀ MỸ PHÚ B,60 LÂM VĂN BỀN,Q7,"1,1","G,B",G1.1,https://iPhone - Apple (VN)
TNMPB-B1.1,TÒA NHÀ MỸ PHÚ B,60 LÂM VĂN BỀN,Q7,"1,1","G,B",B1.1,https://iPhone - Apple (VN)
TTTM-G1.1,TÔN THẤT THUYẾT M1,1 TÔN THẤT THUYẾT PHƯỜNG 1,Q4,"1,1","G,B",G1.1,https://iPhone - Apple (VN)
TTTM-B1.1,TÔN THẤT THUYẾT M1,1 TÔN THẤT THUYẾT PHƯỜNG 1,Q4,"1,1","G,B",B1.1,https://iPhone - Apple (VN)
TTTM-G1.1,TÔN THẤT THUYẾT M2,1 TÔN THẤT THUYẾT PHƯỜNG 1,Q4,"1,1","G,B",G1.1,https://iPhone - Apple (VN)
TTTM-B1.1,TÔN THẤT THUYẾT M2,1 TÔN THẤT THUYẾT PHƯỜNG 1,Q4,"1,1","G,B",B1.1,https://iPhone - Apple (VN)
TTTM-G1.1,TÔN THẤT THUYẾT M3,1 TÔN THẤT THUYẾT PHƯỜNG 1,Q4,"1,1","G,B",G1.1,https://iPhone - Apple (VN)
TTTM-B1.1,TÔN THẤT THUYẾT M3,1 TÔN THẤT THUYẾT PHƯỜNG 1,Q4,"1,1","G,B",B1.1,https://iPhone - Apple (VN)
UA-BA-11.1,USEFUL APARTMENT - BLOCK A,654 LẠC LONG QUÂN P. TÂN HÒA,TÂN BÌNH,"2,2","1,B",11.1,https://iPhone - Apple (VN)
UA-BA-11.2,USEFUL APARTMENT - BLOCK A,654 LẠC LONG QUÂN P. TÂN HÒA,TÂN BÌNH,"2,2","1,B",11.2,https://iPhone - Apple (VN)
UA-BA-B1.1,USEFUL APARTMENT - BLOCK A,654 LẠC LONG QUÂN P. TÂN HÒA,TÂN BÌNH,"2,2","1,B",B1.1,https://iPhone - Apple (VN)
UA-BA-B1.2,USEFUL APARTMENT - BLOCK A,654 LẠC LONG QUÂN P. TÂN HÒA,TÂN BÌNH,"2,2","1,B",B1.2,https://iPhone - Apple (VN)
UA-BB-11.1,USEFUL APARTMENT - BLOCK B,654 LẠC LONG QUÂN P. TÂN HÒA,TÂN BÌNH,"1,1","1,B",11.1,https://iPhone - Apple (VN)
UA-BB-B1.1,USEFUL APARTMENT - BLOCK B,654 LẠC LONG QUÂN P. TÂN HÒA,TÂN BÌNH,"1,1","1,B",B1.1,https://iPhone - Apple (VN)
VĐS-BA-G1.1,VALEO ĐẦM SEN - BLOCK A,"318/5 TRỊNH ĐÌNH TRỌNG, PHƯỜNG HÒA THẠNH",TÂN PHÚ,"1,1","G,B",G1.1,https://iPhone - Apple (VN)
VĐS-BA-B1.1,VALEO ĐẦM SEN - BLOCK A,"318/5 TRỊNH ĐÌNH TRỌNG, PHƯỜNG HÒA THẠNH",TÂN PHÚ,"1,1","G,B",B1.1,https://iPhone - Apple (VN)
VĐS-BB-G1.1,VALEO ĐẦM SEN - BLOCK B,"318/5 TRỊNH ĐÌNH TRỌNG, PHƯỜNG HÒA THẠNH",TÂN PHÚ,"1,1","G,B",G1.1,https://iPhone - Apple (VN)
VĐS-BB-B1.1,VALEO ĐẦM SEN - BLOCK B,"318/5 TRỊNH ĐÌNH TRỌNG, PHƯỜNG HÒA THẠNH",TÂN PHÚ,"1,1","G,B",B1.1,https://iPhone - Apple (VN)
VĐS-BC-G1.1,VALEO ĐẦM SEN - BLOCK C,"318/5 TRỊNH ĐÌNH TRỌNG, PHƯỜNG HÒA THẠNH",TÂN PHÚ,"1,1","G,B",G1.1,https://iPhone - Apple (VN)
VĐS-BC-B1.1,VALEO ĐẦM SEN - BLOCK C,"318/5 TRỊNH ĐÌNH TRỌNG, PHƯỜNG HÒA THẠNH",TÂN PHÚ,"1,1","G,B",B1.1,https://iPhone - Apple (VN)
VĐ-G1.1,VIỄN ĐÔNG,14 PHAN TÔN P.TÂN ĐỊNH,Q1,"1,1","G,B",G1.1,https://iPhone - Apple (VN)
VĐ-B1.1,VIỄN ĐÔNG,14 PHAN TÔN P.TÂN ĐỊNH,Q1,"1,1","G,B",B1.1,https://iPhone - Apple (VN)
LSB-T-G1.1,LONG SƠN BUILDING - TTTM,"1349 - 1351 HUỲNH TẤN PHÁT, P PHÚ THUẬN",Q7,"1,1","G,B",G1.1,https://iPhone - Apple (VN)
LSB-T-B1.1,LONG SƠN BUILDING - TTTM,"1349 - 1351 HUỲNH TẤN PHÁT, P PHÚ THUẬN",Q7,"1,1","G,B",B1.1,https://iPhone - Apple (VN)
TWC-BB-S1Đ1-11.1,THE WESTERN CAPITAL - BLOCK B1 - SẢNH 1 ĐƯỜNG 17,"116 LÝ CHIÊU HOÀNG, PHƯỜNG 10",Q6,"1,1","1,B1",11.1,https://iPhone - Apple (VN)
TWC-BB-S1Đ1-B11.1,THE WESTERN CAPITAL - BLOCK B1 - SẢNH 1 ĐƯỜNG 17,"116 LÝ CHIÊU HOÀNG, PHƯỜNG 10",Q6,"1,1","1,B1",B11.1,https://iPhone - Apple (VN)
TWC-BB-S2Đ1-11.1,THE WESTERN CAPITAL - BLOCK B1 - SẢNH 2 ĐƯỜNG 19,"116 LÝ CHIÊU HOÀNG, PHƯỜNG 10",Q6,"1,1","1,B1",11.1,https://iPhone - Apple (VN)
TWC-BB-S2Đ1-B11.1,THE WESTERN CAPITAL - BLOCK B1 - SẢNH 2 ĐƯỜNG 19,"116 LÝ CHIÊU HOÀNG, PHƯỜNG 10",Q6,"1,1","1,B1",B11.1,https://iPhone - Apple (VN)
TWC-BB-11.1,THE WESTERN CAPITAL - BLOCK B2,"116 LÝ CHIÊU HOÀNG, PHƯỜNG 10",Q6,"2,1","1,B1",11.1,https://iPhone - Apple (VN)
TWC-BB-11.2,THE WESTERN CAPITAL - BLOCK B2,"116 LÝ CHIÊU HOÀNG, PHƯỜNG 10",Q6,"2,1","1,B1",11.2,https://iPhone - Apple (VN)
TWC-BB-B11.1,THE WESTERN CAPITAL - BLOCK B2,"116 LÝ CHIÊU HOÀNG, PHƯỜNG 10",Q6,"2,1","1,B1",B11.1,https://iPhone - Apple (VN)
TWC-BB-11.1,THE WESTERN CAPITAL - BLOCK B3,"116 LÝ CHIÊU HOÀNG, PHƯỜNG 10",Q6,"1,1","1,B1",11.1,https://iPhone - Apple (VN)
TWC-BB-B11.1,THE WESTERN CAPITAL - BLOCK B3,"116 LÝ CHIÊU HOÀNG, PHƯỜNG 10",Q6,"1,1","1,B1",B11.1,https://iPhone - Apple (VN)
